adam_steps_per_update,repetition,update_number,sample_index,update_time_s,latency_ms,estimated_k_Nm_per_rad,stride,window_length,warmup_updates
3,1,1,100,0.05,1.6494,328.60073102694963,50,101,20
3,1,2,150,0.075,3.4745,327.93496782611305,50,101,20
3,1,3,200,0.1,1.5913,327.26669846928513,50,101,20
3,1,4,250,0.125,3.445,326.54992587586327,50,101,20
3,1,5,300,0.15,3.6192,325.6720824667957,50,101,20
3,1,6,350,0.17500000000000002,1.7211,324.51465109186387,50,101,20
3,1,7,400,0.2,3.3908,322.99611175999337,50,101,20
3,1,8,450,0.225,3.2657,321.02850271774355,50,101,20
3,1,9,500,0.25,1.4881,318.52879820299955,50,101,20
3,1,10,550,0.275,2.0506,315.7297226358794,50,101,20
3,1,11,600,0.3,1.5847,312.71090240871155,50,101,20
3,1,12,650,0.325,1.532,309.3939997905435,50,101,20
3,1,13,700,0.35000000000000003,1.5037,305.7424011384093,50,101,20
3,1,14,750,0.375,3.6062,301.791911965249,50,101,20
3,1,15,800,0.4,2.608,297.6508886775094,50,101,20
3,1,16,850,0.425,1.7572,293.460929403749,50,101,20
3,1,17,900,0.45,1.5851,289.3923214318294,50,101,20
3,1,18,950,0.47500000000000003,1.8547,285.45102882860334,50,101,20
3,1,19,1000,0.5,1.6563,281.7262397650803,50,101,20
3,1,20,1050,0.525,2.1158,278.483775320256,50,101,20
3,1,21,1100,0.55,1.5303,275.8100945072552,50,101,20
3,1,22,1150,0.5750000000000001,1.5284,273.66228873074743,50,101,20
3,1,23,1200,0.6,1.6371,271.95833844585263,50,101,20
3,1,24,1250,0.625,1.5029,270.6041244653582,50,101,20
3,1,25,1300,0.65,1.5019,269.51211724818745,50,101,20
3,1,26,1350,0.675,1.9413,268.6106526709706,50,101,20
3,1,27,1400,0.7000000000000001,1.6064,267.84616202121236,50,101,20
3,1,28,1450,0.725,1.5359,267.1800592328676,50,101,20
3,1,29,1500,0.75,1.6492,266.59312859098554,50,101,20
3,2,1,100,0.05,3.6804,328.60073102694963,50,101,20
3,2,2,150,0.075,2.0362,327.93496782611305,50,101,20
3,2,3,200,0.1,1.6125,327.26669846928513,50,101,20
3,2,4,250,0.125,1.45,326.54992587586327,50,101,20
3,2,5,300,0.15,1.4706,325.6720824667957,50,101,20
3,2,6,350,0.17500000000000002,2.1719,324.51465109186387,50,101,20
3,2,7,400,0.2,1.6208,322.99611175999337,50,101,20
3,2,8,450,0.225,1.497,321.02850271774355,50,101,20
3,2,9,500,0.25,1.4623,318.52879820299955,50,101,20
3,2,10,550,0.275,1.5239,315.7297226358794,50,101,20
3,2,11,600,0.3,1.5369,312.71090240871155,50,101,20
3,2,12,650,0.325,2.072,309.3939997905435,50,101,20
3,2,13,700,0.35000000000000003,1.6132,305.7424011384093,50,101,20
3,2,14,750,0.375,1.4482,301.791911965249,50,101,20
3,2,15,800,0.4,1.3925,297.6508886775094,50,101,20
3,2,16,850,0.425,1.3901,293.460929403749,50,101,20
3,2,17,900,0.45,1.4037,289.3923214318294,50,101,20
3,2,18,950,0.47500000000000003,1.3654,285.45102882860334,50,101,20
3,2,19,1000,0.5,2.3742,281.7262397650803,50,101,20
3,2,20,1050,0.525,1.4422,278.483775320256,50,101,20
3,2,21,1100,0.55,1.3836,275.8100945072552,50,101,20
3,2,22,1150,0.5750000000000001,1.4016,273.66228873074743,50,101,20
3,2,23,1200,0.6,1.8583,271.95833844585263,50,101,20
3,2,24,1250,0.625,1.4005,270.6041244653582,50,101,20
3,2,25,1300,0.65,1.363,269.51211724818745,50,101,20
3,2,26,1350,0.675,1.3026,268.6106526709706,50,101,20
3,2,27,1400,0.7000000000000001,1.2613,267.84616202121236,50,101,20
3,2,28,1450,0.725,1.2491,267.1800592328676,50,101,20
3,2,29,1500,0.75,1.508,266.59312859098554,50,101,20
3,3,1,100,0.05,2.1375,328.60073102694963,50,101,20
3,3,2,150,0.075,1.9978,327.93496782611305,50,101,20
3,3,3,200,0.1,1.4346,327.26669846928513,50,101,20
3,3,4,250,0.125,1.6334,326.54992587586327,50,101,20
3,3,5,300,0.15,2.6404,325.6720824667957,50,101,20
3,3,6,350,0.17500000000000002,2.34,324.51465109186387,50,101,20
3,3,7,400,0.2,1.4676,322.99611175999337,50,101,20
3,3,8,450,0.225,1.4826,321.02850271774355,50,101,20
3,3,9,500,0.25,1.5996,318.52879820299955,50,101,20
3,3,10,550,0.275,1.6254,315.7297226358794,50,101,20
3,3,11,600,0.3,1.5658,312.71090240871155,50,101,20
3,3,12,650,0.325,1.4761,309.3939997905435,50,101,20
3,3,13,700,0.35000000000000003,1.5192,305.7424011384093,50,101,20
3,3,14,750,0.375,1.7221,301.791911965249,50,101,20
3,3,15,800,0.4,2.4689,297.6508886775094,50,101,20
3,3,16,850,0.425,1.7592,293.460929403749,50,101,20
3,3,17,900,0.45,1.61,289.3923214318294,50,101,20
3,3,18,950,0.47500000000000003,5.5685,285.45102882860334,50,101,20
3,3,19,1000,0.5,1.9212,281.7262397650803,50,101,20
3,3,20,1050,0.525,1.6934,278.483775320256,50,101,20
3,3,21,1100,0.55,1.5431,275.8100945072552,50,101,20
3,3,22,1150,0.5750000000000001,1.8484,273.66228873074743,50,101,20
3,3,23,1200,0.6,1.5671,271.95833844585263,50,101,20
3,3,24,1250,0.625,1.4503,270.6041244653582,50,101,20
3,3,25,1300,0.65,2.0421,269.51211724818745,50,101,20
3,3,26,1350,0.675,1.8189,268.6106526709706,50,101,20
3,3,27,1400,0.7000000000000001,1.5206,267.84616202121236,50,101,20
3,3,28,1450,0.725,1.486,267.1800592328676,50,101,20
3,3,29,1500,0.75,1.3952,266.59312859098554,50,101,20
3,4,1,100,0.05,1.5122,328.60073102694963,50,101,20
3,4,2,150,0.075,1.3938,327.93496782611305,50,101,20
3,4,3,200,0.1,1.3973,327.26669846928513,50,101,20
3,4,4,250,0.125,3.2662,326.54992587586327,50,101,20
3,4,5,300,0.15,3.8262,325.6720824667957,50,101,20
3,4,6,350,0.17500000000000002,2.3331,324.51465109186387,50,101,20
3,4,7,400,0.2,1.6461,322.99611175999337,50,101,20
3,4,8,450,0.225,5.5749,321.02850271774355,50,101,20
3,4,9,500,0.25,3.6711,318.52879820299955,50,101,20
3,4,10,550,0.275,4.1276,315.7297226358794,50,101,20
3,4,11,600,0.3,2.6516,312.71090240871155,50,101,20
3,4,12,650,0.325,5.8089,309.3939997905435,50,101,20
3,4,13,700,0.35000000000000003,4.0387,305.7424011384093,50,101,20
3,4,14,750,0.375,3.7961,301.791911965249,50,101,20
3,4,15,800,0.4,1.6753,297.6508886775094,50,101,20
3,4,16,850,0.425,3.5304,293.460929403749,50,101,20
3,4,17,900,0.45,1.6171,289.3923214318294,50,101,20
3,4,18,950,0.47500000000000003,2.0036,285.45102882860334,50,101,20
3,4,19,1000,0.5,3.5493,281.7262397650803,50,101,20
3,4,20,1050,0.525,3.3002,278.483775320256,50,101,20
3,4,21,1100,0.55,2.4006,275.8100945072552,50,101,20
3,4,22,1150,0.5750000000000001,3.1087,273.66228873074743,50,101,20
3,4,23,1200,0.6,4.8048,271.95833844585263,50,101,20
3,4,24,1250,0.625,2.6486,270.6041244653582,50,101,20
3,4,25,1300,0.65,3.7611,269.51211724818745,50,101,20
3,4,26,1350,0.675,1.5268,268.6106526709706,50,101,20
3,4,27,1400,0.7000000000000001,1.4925,267.84616202121236,50,101,20
3,4,28,1450,0.725,1.4856,267.1800592328676,50,101,20
3,4,29,1500,0.75,1.3842,266.59312859098554,50,101,20
3,5,1,100,0.05,1.7919,328.60073102694963,50,101,20
3,5,2,150,0.075,3.4469,327.93496782611305,50,101,20
3,5,3,200,0.1,1.502,327.26669846928513,50,101,20
3,5,4,250,0.125,1.9901,326.54992587586327,50,101,20
3,5,5,300,0.15,3.9986,325.6720824667957,50,101,20
3,5,6,350,0.17500000000000002,2.4914,324.51465109186387,50,101,20
3,5,7,400,0.2,3.9726,322.99611175999337,50,101,20
3,5,8,450,0.225,1.6437,321.02850271774355,50,101,20
3,5,9,500,0.25,3.537,318.52879820299955,50,101,20
3,5,10,550,0.275,3.5356,315.7297226358794,50,101,20
3,5,11,600,0.3,1.6934,312.71090240871155,50,101,20
3,5,12,650,0.325,1.9776,309.3939997905435,50,101,20
3,5,13,700,0.35000000000000003,3.8116,305.7424011384093,50,101,20
3,5,14,750,0.375,1.9507,301.791911965249,50,101,20
3,5,15,800,0.4,1.492,297.6508886775094,50,101,20
3,5,16,850,0.425,1.6006,293.460929403749,50,101,20
3,5,17,900,0.45,3.5228,289.3923214318294,50,101,20
3,5,18,950,0.47500000000000003,4.5813,285.45102882860334,50,101,20
3,5,19,1000,0.5,2.3959,281.7262397650803,50,101,20
3,5,20,1050,0.525,3.4141,278.483775320256,50,101,20
3,5,21,1100,0.55,2.1954,275.8100945072552,50,101,20
3,5,22,1150,0.5750000000000001,1.6621,273.66228873074743,50,101,20
3,5,23,1200,0.6,2.2568,271.95833844585263,50,101,20
3,5,24,1250,0.625,1.5542,270.6041244653582,50,101,20
3,5,25,1300,0.65,2.053,269.51211724818745,50,101,20
3,5,26,1350,0.675,3.6186,268.6106526709706,50,101,20
3,5,27,1400,0.7000000000000001,3.573,267.84616202121236,50,101,20
3,5,28,1450,0.725,3.4018,267.1800592328676,50,101,20
3,5,29,1500,0.75,3.5155,266.59312859098554,50,101,20
3,6,1,100,0.05,2.3486,328.60073102694963,50,101,20
3,6,2,150,0.075,1.7329,327.93496782611305,50,101,20
3,6,3,200,0.1,1.608,327.26669846928513,50,101,20
3,6,4,250,0.125,1.5983,326.54992587586327,50,101,20
3,6,5,300,0.15,1.5449,325.6720824667957,50,101,20
3,6,6,350,0.17500000000000002,2.3527,324.51465109186387,50,101,20
3,6,7,400,0.2,1.7685,322.99611175999337,50,101,20
3,6,8,450,0.225,1.5862,321.02850271774355,50,101,20
3,6,9,500,0.25,1.5822,318.52879820299955,50,101,20
3,6,10,550,0.275,1.5165,315.7297226358794,50,101,20
3,6,11,600,0.3,4.2277,312.71090240871155,50,101,20
3,6,12,650,0.325,1.6358,309.3939997905435,50,101,20
3,6,13,700,0.35000000000000003,1.4069,305.7424011384093,50,101,20
3,6,14,750,0.375,1.4065,301.791911965249,50,101,20
3,6,15,800,0.4,1.6658,297.6508886775094,50,101,20
3,6,16,850,0.425,1.4563,293.460929403749,50,101,20
3,6,17,900,0.45,1.6565,289.3923214318294,50,101,20
3,6,18,950,0.47500000000000003,1.4801,285.45102882860334,50,101,20
3,6,19,1000,0.5,1.4071,281.7262397650803,50,101,20
3,6,20,1050,0.525,1.3732,278.483775320256,50,101,20
3,6,21,1100,0.55,1.4082,275.8100945072552,50,101,20
3,6,22,1150,0.5750000000000001,1.4327,273.66228873074743,50,101,20
3,6,23,1200,0.6,1.391,271.95833844585263,50,101,20
3,6,24,1250,0.625,1.5056,270.6041244653582,50,101,20
3,6,25,1300,0.65,1.3902,269.51211724818745,50,101,20
3,6,26,1350,0.675,1.3682,268.6106526709706,50,101,20
3,6,27,1400,0.7000000000000001,1.4811,267.84616202121236,50,101,20
3,6,28,1450,0.725,1.3905,267.1800592328676,50,101,20
3,6,29,1500,0.75,1.3921,266.59312859098554,50,101,20
3,7,1,100,0.05,1.8595,328.60073102694963,50,101,20
3,7,2,150,0.075,1.3831,327.93496782611305,50,101,20
3,7,3,200,0.1,1.6482,327.26669846928513,50,101,20
3,7,4,250,0.125,1.2875,326.54992587586327,50,101,20
3,7,5,300,0.15,1.2624,325.6720824667957,50,101,20
3,7,6,350,0.17500000000000002,1.2756,324.51465109186387,50,101,20
3,7,7,400,0.2,1.2618,322.99611175999337,50,101,20
3,7,8,450,0.225,1.5171,321.02850271774355,50,101,20
3,7,9,500,0.25,1.7775,318.52879820299955,50,101,20
3,7,10,550,0.275,1.268,315.7297226358794,50,101,20
3,7,11,600,0.3,1.2454,312.71090240871155,50,101,20
3,7,12,650,0.325,1.2649,309.3939997905435,50,101,20
3,7,13,700,0.35000000000000003,1.2755,305.7424011384093,50,101,20
3,7,14,750,0.375,1.452,301.791911965249,50,101,20
3,7,15,800,0.4,3.4848,297.6508886775094,50,101,20
3,7,16,850,0.425,1.3326,293.460929403749,50,101,20
3,7,17,900,0.45,1.2859,289.3923214318294,50,101,20
3,7,18,950,0.47500000000000003,1.2691,285.45102882860334,50,101,20
3,7,19,1000,0.5,1.7615,281.7262397650803,50,101,20
3,7,20,1050,0.525,3.6446,278.483775320256,50,101,20
3,7,21,1100,0.55,1.644,275.8100945072552,50,101,20
3,7,22,1150,0.5750000000000001,1.2905,273.66228873074743,50,101,20
3,7,23,1200,0.6,1.2545,271.95833844585263,50,101,20
3,7,24,1250,0.625,2.0726,270.6041244653582,50,101,20
3,7,25,1300,0.65,1.5257,269.51211724818745,50,101,20
3,7,26,1350,0.675,3.3724,268.6106526709706,50,101,20
3,7,27,1400,0.7000000000000001,1.5474,267.84616202121236,50,101,20
3,7,28,1450,0.725,3.0396,267.1800592328676,50,101,20
3,7,29,1500,0.75,1.4764,266.59312859098554,50,101,20
3,8,1,100,0.05,1.4094,328.60073102694963,50,101,20
3,8,2,150,0.075,1.3168,327.93496782611305,50,101,20
3,8,3,200,0.1,1.4693,327.26669846928513,50,101,20
3,8,4,250,0.125,1.794,326.54992587586327,50,101,20
3,8,5,300,0.15,1.3311,325.6720824667957,50,101,20
3,8,6,350,0.17500000000000002,1.335,324.51465109186387,50,101,20
3,8,7,400,0.2,1.2736,322.99611175999337,50,101,20
3,8,8,450,0.225,1.2697,321.02850271774355,50,101,20
3,8,9,500,0.25,1.8072,318.52879820299955,50,101,20
3,8,10,550,0.275,1.6206,315.7297226358794,50,101,20
3,8,11,600,0.3,1.339,312.71090240871155,50,101,20
3,8,12,650,0.325,1.287,309.3939997905435,50,101,20
3,8,13,700,0.35000000000000003,1.2867,305.7424011384093,50,101,20
3,8,14,750,0.375,1.273,301.791911965249,50,101,20
3,8,15,800,0.4,1.4419,297.6508886775094,50,101,20
3,8,16,850,0.425,1.4466,293.460929403749,50,101,20
3,8,17,900,0.45,1.3597,289.3923214318294,50,101,20
3,8,18,950,0.47500000000000003,1.2563,285.45102882860334,50,101,20
3,8,19,1000,0.5,1.2419,281.7262397650803,50,101,20
3,8,20,1050,0.525,3.816,278.483775320256,50,101,20
3,8,21,1100,0.55,2.0914,275.8100945072552,50,101,20
3,8,22,1150,0.5750000000000001,3.3405,273.66228873074743,50,101,20
3,8,23,1200,0.6,1.5124,271.95833844585263,50,101,20
3,8,24,1250,0.625,1.3733,270.6041244653582,50,101,20
3,8,25,1300,0.65,1.4321,269.51211724818745,50,101,20
3,8,26,1350,0.675,1.2597,268.6106526709706,50,101,20
3,8,27,1400,0.7000000000000001,1.2736,267.84616202121236,50,101,20
3,8,28,1450,0.725,2.216,267.1800592328676,50,101,20
3,8,29,1500,0.75,1.7948,266.59312859098554,50,101,20
3,9,1,100,0.05,1.4148,328.60073102694963,50,101,20
3,9,2,150,0.075,1.2415,327.93496782611305,50,101,20
3,9,3,200,0.1,1.2525,327.26669846928513,50,101,20
3,9,4,250,0.125,2.3488,326.54992587586327,50,101,20
3,9,5,300,0.15,2.1814,325.6720824667957,50,101,20
3,9,6,350,0.17500000000000002,1.4491,324.51465109186387,50,101,20
3,9,7,400,0.2,1.2807,322.99611175999337,50,101,20
3,9,8,450,0.225,1.3548,321.02850271774355,50,101,20
3,9,9,500,0.25,1.2737,318.52879820299955,50,101,20
3,9,10,550,0.275,1.2457,315.7297226358794,50,101,20
3,9,11,600,0.3,1.2461,312.71090240871155,50,101,20
3,9,12,650,0.325,1.3666,309.3939997905435,50,101,20
3,9,13,700,0.35000000000000003,1.3318,305.7424011384093,50,101,20
3,9,14,750,0.375,1.4383,301.791911965249,50,101,20
3,9,15,800,0.4,1.2495,297.6508886775094,50,101,20
3,9,16,850,0.425,1.2455,293.460929403749,50,101,20
3,9,17,900,0.45,1.2392,289.3923214318294,50,101,20
3,9,18,950,0.47500000000000003,1.3594,285.45102882860334,50,101,20
3,9,19,1000,0.5,1.4433,281.7262397650803,50,101,20
3,9,20,1050,0.525,1.7366,278.483775320256,50,101,20
3,9,21,1100,0.55,1.2731,275.8100945072552,50,101,20
3,9,22,1150,0.5750000000000001,1.2561,273.66228873074743,50,101,20
3,9,23,1200,0.6,1.2601,271.95833844585263,50,101,20
3,9,24,1250,0.625,1.3255,270.6041244653582,50,101,20
3,9,25,1300,0.65,3.4312,269.51211724818745,50,101,20
3,9,26,1350,0.675,2.2651,268.6106526709706,50,101,20
3,9,27,1400,0.7000000000000001,1.5618,267.84616202121236,50,101,20
3,9,28,1450,0.725,1.8433,267.1800592328676,50,101,20
3,9,29,1500,0.75,3.065,266.59312859098554,50,101,20
3,10,1,100,0.05,1.7953,328.60073102694963,50,101,20
3,10,2,150,0.075,1.4952,327.93496782611305,50,101,20
3,10,3,200,0.1,1.3136,327.26669846928513,50,101,20
3,10,4,250,0.125,1.275,326.54992587586327,50,101,20
3,10,5,300,0.15,1.2827,325.6720824667957,50,101,20
3,10,6,350,0.17500000000000002,4.3005,324.51465109186387,50,101,20
3,10,7,400,0.2,1.9667,322.99611175999337,50,101,20
3,10,8,450,0.225,1.4757,321.02850271774355,50,101,20
3,10,9,500,0.25,2.5704,318.52879820299955,50,101,20
3,10,10,550,0.275,1.9303,315.7297226358794,50,101,20
3,10,11,600,0.3,1.5231,312.71090240871155,50,101,20
3,10,12,650,0.325,3.2478,309.3939997905435,50,101,20
3,10,13,700,0.35000000000000003,1.6619,305.7424011384093,50,101,20
3,10,14,750,0.375,1.7373,301.791911965249,50,101,20
3,10,15,800,0.4,3.6186,297.6508886775094,50,101,20
3,10,16,850,0.425,1.5578,293.460929403749,50,101,20
3,10,17,900,0.45,1.558,289.3923214318294,50,101,20
3,10,18,950,0.47500000000000003,2.1817,285.45102882860334,50,101,20
3,10,19,1000,0.5,1.4764,281.7262397650803,50,101,20
3,10,20,1050,0.525,1.5043,278.483775320256,50,101,20
3,10,21,1100,0.55,1.4957,275.8100945072552,50,101,20
3,10,22,1150,0.5750000000000001,1.5501,273.66228873074743,50,101,20
3,10,23,1200,0.6,1.987,271.95833844585263,50,101,20
3,10,24,1250,0.625,3.1542,270.6041244653582,50,101,20
3,10,25,1300,0.65,1.649,269.51211724818745,50,101,20
3,10,26,1350,0.675,1.6171,268.6106526709706,50,101,20
3,10,27,1400,0.7000000000000001,1.7027,267.84616202121236,50,101,20
3,10,28,1450,0.725,2.3101,267.1800592328676,50,101,20
3,10,29,1500,0.75,1.6317,266.59312859098554,50,101,20
4,1,1,100,0.05,3.1315,328.3916216677848,50,101,20
4,1,2,150,0.075,2.0715,327.60891027117896,50,101,20
4,1,3,200,0.1,2.0096,326.8906647410305,50,101,20
4,1,4,250,0.125,3.8286,326.16915602403066,50,101,20
4,1,5,300,0.15,2.0111,325.31399885550377,50,101,20
4,1,6,350,0.17500000000000002,1.89,324.17034365798304,50,101,20
4,1,7,400,0.2,2.0635,322.6584602036987,50,101,20
4,1,8,450,0.225,1.9999,320.69196060379886,50,101,20
4,1,9,500,0.25,2.8412,318.1901655761985,50,101,20
4,1,10,550,0.275,2.0558,315.55919157286183,50,101,20
4,1,11,600,0.3,4.0169,312.94495290850324,50,101,20
4,1,12,650,0.325,2.5045,310.15832978703025,50,101,20
4,1,13,700,0.35000000000000003,2.1241,307.04623534110726,50,101,20
4,1,14,750,0.375,2.0926,303.55003009500143,50,101,20
4,1,15,800,0.4,1.8094,299.7031378016579,50,101,20
4,1,16,850,0.425,4.4833,295.589804169682,50,101,20
4,1,17,900,0.45,6.9417,291.373869438965,50,101,20
4,1,18,950,0.47500000000000003,2.3711,287.00015499158366,50,101,20
4,1,19,1000,0.5,3.6524,282.62756493449047,50,101,20
4,1,20,1050,0.525,2.1718,278.7610864360466,50,101,20
4,1,21,1100,0.55,2.1356,275.59468900491214,50,101,20
4,1,22,1150,0.5750000000000001,2.0996,273.08062125399397,50,101,20
4,1,23,1200,0.6,2.4436,271.10908546790455,50,101,20
4,1,24,1250,0.625,2.0723,269.5538671826586,50,101,20
4,1,25,1300,0.65,2.1277,268.30182812006166,50,101,20
4,1,26,1350,0.675,2.056,267.2647926708006,50,101,20
4,1,27,1400,0.7000000000000001,1.9912,266.3804014864286,50,101,20
4,1,28,1450,0.725,2.9653,265.6056818008872,50,101,20
4,1,29,1500,0.75,4.7822,264.9237809983745,50,101,20
4,2,1,100,0.05,2.4685,328.3916216677848,50,101,20
4,2,2,150,0.075,4.8136,327.60891027117896,50,101,20
4,2,3,200,0.1,5.2285,326.8906647410305,50,101,20
4,2,4,250,0.125,2.2622,326.16915602403066,50,101,20
4,2,5,300,0.15,8.1756,325.31399885550377,50,101,20
4,2,6,350,0.17500000000000002,4.1105,324.17034365798304,50,101,20
4,2,7,400,0.2,2.5748,322.6584602036987,50,101,20
4,2,8,450,0.225,3.0041,320.69196060379886,50,101,20
4,2,9,500,0.25,2.4753,318.1901655761985,50,101,20
4,2,10,550,0.275,2.8701,315.55919157286183,50,101,20
4,2,11,600,0.3,3.1309,312.94495290850324,50,101,20
4,2,12,650,0.325,2.4263,310.15832978703025,50,101,20
4,2,13,700,0.35000000000000003,3.1392,307.04623534110726,50,101,20
4,2,14,750,0.375,2.7356,303.55003009500143,50,101,20
4,2,15,800,0.4,2.7477,299.7031378016579,50,101,20
4,2,16,850,0.425,3.2138,295.589804169682,50,101,20
4,2,17,900,0.45,2.1063,291.373869438965,50,101,20
4,2,18,950,0.47500000000000003,2.4597,287.00015499158366,50,101,20
4,2,19,1000,0.5,2.4144,282.62756493449047,50,101,20
4,2,20,1050,0.525,2.5859,278.7610864360466,50,101,20
4,2,21,1100,0.55,2.2381,275.59468900491214,50,101,20
4,2,22,1150,0.5750000000000001,2.0148,273.08062125399397,50,101,20
4,2,23,1200,0.6,6.0117,271.10908546790455,50,101,20
4,2,24,1250,0.625,2.7741,269.5538671826586,50,101,20
4,2,25,1300,0.65,2.884,268.30182812006166,50,101,20
4,2,26,1350,0.675,2.1324,267.2647926708006,50,101,20
4,2,27,1400,0.7000000000000001,3.7398,266.3804014864286,50,101,20
4,2,28,1450,0.725,3.3932,265.6056818008872,50,101,20
4,2,29,1500,0.75,2.7074,264.9237809983745,50,101,20
4,3,1,100,0.05,4.7061,328.3916216677848,50,101,20
4,3,2,150,0.075,3.8935,327.60891027117896,50,101,20
4,3,3,200,0.1,2.7214,326.8906647410305,50,101,20
4,3,4,250,0.125,4.8925,326.16915602403066,50,101,20
4,3,5,300,0.15,2.1541,325.31399885550377,50,101,20
4,3,6,350,0.17500000000000002,4.0415,324.17034365798304,50,101,20
4,3,7,400,0.2,4.9811,322.6584602036987,50,101,20
4,3,8,450,0.225,2.0385,320.69196060379886,50,101,20
4,3,9,500,0.25,2.2012,318.1901655761985,50,101,20
4,3,10,550,0.275,1.8998,315.55919157286183,50,101,20
4,3,11,600,0.3,2.2021,312.94495290850324,50,101,20
4,3,12,650,0.325,1.9384,310.15832978703025,50,101,20
4,3,13,700,0.35000000000000003,1.8765,307.04623534110726,50,101,20
4,3,14,750,0.375,2.005,303.55003009500143,50,101,20
4,3,15,800,0.4,1.8617,299.7031378016579,50,101,20
4,3,16,850,0.425,3.5799,295.589804169682,50,101,20
4,3,17,900,0.45,2.4513,291.373869438965,50,101,20
4,3,18,950,0.47500000000000003,2.0141,287.00015499158366,50,101,20
4,3,19,1000,0.5,1.9424,282.62756493449047,50,101,20
4,3,20,1050,0.525,2.128,278.7610864360466,50,101,20
4,3,21,1100,0.55,2.4215,275.59468900491214,50,101,20
4,3,22,1150,0.5750000000000001,3.6624,273.08062125399397,50,101,20
4,3,23,1200,0.6,2.1157,271.10908546790455,50,101,20
4,3,24,1250,0.625,1.993,269.5538671826586,50,101,20
4,3,25,1300,0.65,2.1227,268.30182812006166,50,101,20
4,3,26,1350,0.675,2.3414,267.2647926708006,50,101,20
4,3,27,1400,0.7000000000000001,1.9937,266.3804014864286,50,101,20
4,3,28,1450,0.725,5.2797,265.6056818008872,50,101,20
4,3,29,1500,0.75,2.4629,264.9237809983745,50,101,20
4,4,1,100,0.05,2.3445,328.3916216677848,50,101,20
4,4,2,150,0.075,2.0932,327.60891027117896,50,101,20
4,4,3,200,0.1,1.9845,326.8906647410305,50,101,20
4,4,4,250,0.125,2.0137,326.16915602403066,50,101,20
4,4,5,300,0.15,3.0677,325.31399885550377,50,101,20
4,4,6,350,0.17500000000000002,4.6558,324.17034365798304,50,101,20
4,4,7,400,0.2,1.9728,322.6584602036987,50,101,20
4,4,8,450,0.225,2.6879,320.69196060379886,50,101,20
4,4,9,500,0.25,1.9268,318.1901655761985,50,101,20
4,4,10,550,0.275,1.9649,315.55919157286183,50,101,20
4,4,11,600,0.3,1.9767,312.94495290850324,50,101,20
4,4,12,650,0.325,1.8286,310.15832978703025,50,101,20
4,4,13,700,0.35000000000000003,4.7679,307.04623534110726,50,101,20
4,4,14,750,0.375,1.9219,303.55003009500143,50,101,20
4,4,15,800,0.4,1.8477,299.7031378016579,50,101,20
4,4,16,850,0.425,2.1702,295.589804169682,50,101,20
4,4,17,900,0.45,4.3877,291.373869438965,50,101,20
4,4,18,950,0.47500000000000003,1.9135,287.00015499158366,50,101,20
4,4,19,1000,0.5,1.8924,282.62756493449047,50,101,20
4,4,20,1050,0.525,2.8798,278.7610864360466,50,101,20
4,4,21,1100,0.55,3.2555,275.59468900491214,50,101,20
4,4,22,1150,0.5750000000000001,2.2187,273.08062125399397,50,101,20
4,4,23,1200,0.6,1.982,271.10908546790455,50,101,20
4,4,24,1250,0.625,2.1023,269.5538671826586,50,101,20
4,4,25,1300,0.65,2.3985,268.30182812006166,50,101,20
4,4,26,1350,0.675,2.0418,267.2647926708006,50,101,20
4,4,27,1400,0.7000000000000001,2.1054,266.3804014864286,50,101,20
4,4,28,1450,0.725,2.1379,265.6056818008872,50,101,20
4,4,29,1500,0.75,2.2644,264.9237809983745,50,101,20
4,5,1,100,0.05,3.2548,328.3916216677848,50,101,20
4,5,2,150,0.075,1.9988,327.60891027117896,50,101,20
4,5,3,200,0.1,2.361,326.8906647410305,50,101,20
4,5,4,250,0.125,1.971,326.16915602403066,50,101,20
4,5,5,300,0.15,1.6353,325.31399885550377,50,101,20
4,5,6,350,0.17500000000000002,1.6514,324.17034365798304,50,101,20
4,5,7,400,0.2,1.7636,322.6584602036987,50,101,20
4,5,8,450,0.225,1.8564,320.69196060379886,50,101,20
4,5,9,500,0.25,1.6554,318.1901655761985,50,101,20
4,5,10,550,0.275,1.6942,315.55919157286183,50,101,20
4,5,11,600,0.3,1.6976,312.94495290850324,50,101,20
4,5,12,650,0.325,4.6255,310.15832978703025,50,101,20
4,5,13,700,0.35000000000000003,1.7368,307.04623534110726,50,101,20
4,5,14,750,0.375,3.6907,303.55003009500143,50,101,20
4,5,15,800,0.4,1.7699,299.7031378016579,50,101,20
4,5,16,850,0.425,3.9773,295.589804169682,50,101,20
4,5,17,900,0.45,1.9482,291.373869438965,50,101,20
4,5,18,950,0.47500000000000003,1.7684,287.00015499158366,50,101,20
4,5,19,1000,0.5,1.848,282.62756493449047,50,101,20
4,5,20,1050,0.525,2.6893,278.7610864360466,50,101,20
4,5,21,1100,0.55,1.7162,275.59468900491214,50,101,20
4,5,22,1150,0.5750000000000001,1.6767,273.08062125399397,50,101,20
4,5,23,1200,0.6,1.7697,271.10908546790455,50,101,20
4,5,24,1250,0.625,1.6639,269.5538671826586,50,101,20
4,5,25,1300,0.65,1.8862,268.30182812006166,50,101,20
4,5,26,1350,0.675,1.7407,267.2647926708006,50,101,20
4,5,27,1400,0.7000000000000001,1.7634,266.3804014864286,50,101,20
4,5,28,1450,0.725,1.6336,265.6056818008872,50,101,20
4,5,29,1500,0.75,2.2766,264.9237809983745,50,101,20
4,6,1,100,0.05,1.9644,328.3916216677848,50,101,20
4,6,2,150,0.075,1.6962,327.60891027117896,50,101,20
4,6,3,200,0.1,1.8261,326.8906647410305,50,101,20
4,6,4,250,0.125,2.1112,326.16915602403066,50,101,20
4,6,5,300,0.15,2.194,325.31399885550377,50,101,20
4,6,6,350,0.17500000000000002,1.9438,324.17034365798304,50,101,20
4,6,7,400,0.2,1.7981,322.6584602036987,50,101,20
4,6,8,450,0.225,2.0989,320.69196060379886,50,101,20
4,6,9,500,0.25,1.9501,318.1901655761985,50,101,20
4,6,10,550,0.275,1.6736,315.55919157286183,50,101,20
4,6,11,600,0.3,2.0907,312.94495290850324,50,101,20
4,6,12,650,0.325,1.7847,310.15832978703025,50,101,20
4,6,13,700,0.35000000000000003,1.6421,307.04623534110726,50,101,20
4,6,14,750,0.375,2.4437,303.55003009500143,50,101,20
4,6,15,800,0.4,2.2704,299.7031378016579,50,101,20
4,6,16,850,0.425,1.858,295.589804169682,50,101,20
4,6,17,900,0.45,1.9379,291.373869438965,50,101,20
4,6,18,950,0.47500000000000003,1.8046,287.00015499158366,50,101,20
4,6,19,1000,0.5,1.783,282.62756493449047,50,101,20
4,6,20,1050,0.525,2.659,278.7610864360466,50,101,20
4,6,21,1100,0.55,1.7263,275.59468900491214,50,101,20
4,6,22,1150,0.5750000000000001,2.3145,273.08062125399397,50,101,20
4,6,23,1200,0.6,1.8289,271.10908546790455,50,101,20
4,6,24,1250,0.625,1.8243,269.5538671826586,50,101,20
4,6,25,1300,0.65,2.4451,268.30182812006166,50,101,20
4,6,26,1350,0.675,1.8584,267.2647926708006,50,101,20
4,6,27,1400,0.7000000000000001,1.6829,266.3804014864286,50,101,20
4,6,28,1450,0.725,1.8052,265.6056818008872,50,101,20
4,6,29,1500,0.75,1.7992,264.9237809983745,50,101,20
4,7,1,100,0.05,1.977,328.3916216677848,50,101,20
4,7,2,150,0.075,1.817,327.60891027117896,50,101,20
4,7,3,200,0.1,2.3773,326.8906647410305,50,101,20
4,7,4,250,0.125,1.8975,326.16915602403066,50,101,20
4,7,5,300,0.15,1.8487,325.31399885550377,50,101,20
4,7,6,350,0.17500000000000002,1.8138,324.17034365798304,50,101,20
4,7,7,400,0.2,1.813,322.6584602036987,50,101,20
4,7,8,450,0.225,1.8777,320.69196060379886,50,101,20
4,7,9,500,0.25,2.1699,318.1901655761985,50,101,20
4,7,10,550,0.275,1.8631,315.55919157286183,50,101,20
4,7,11,600,0.3,1.8284,312.94495290850324,50,101,20
4,7,12,650,0.325,2.9405,310.15832978703025,50,101,20
4,7,13,700,0.35000000000000003,1.9023,307.04623534110726,50,101,20
4,7,14,750,0.375,1.8379,303.55003009500143,50,101,20
4,7,15,800,0.4,2.0027,299.7031378016579,50,101,20
4,7,16,850,0.425,1.8832,295.589804169682,50,101,20
4,7,17,900,0.45,1.7876,291.373869438965,50,101,20
4,7,18,950,0.47500000000000003,3.4292,287.00015499158366,50,101,20
4,7,19,1000,0.5,1.8305,282.62756493449047,50,101,20
4,7,20,1050,0.525,1.8874,278.7610864360466,50,101,20
4,7,21,1100,0.55,1.8625,275.59468900491214,50,101,20
4,7,22,1150,0.5750000000000001,1.8173,273.08062125399397,50,101,20
4,7,23,1200,0.6,2.4636,271.10908546790455,50,101,20
4,7,24,1250,0.625,1.8635,269.5538671826586,50,101,20
4,7,25,1300,0.65,1.8582,268.30182812006166,50,101,20
4,7,26,1350,0.675,1.8916,267.2647926708006,50,101,20
4,7,27,1400,0.7000000000000001,1.8092,266.3804014864286,50,101,20
4,7,28,1450,0.725,5.2391,265.6056818008872,50,101,20
4,7,29,1500,0.75,2.2119,264.9237809983745,50,101,20
4,8,1,100,0.05,2.1899,328.3916216677848,50,101,20
4,8,2,150,0.075,2.6818,327.60891027117896,50,101,20
4,8,3,200,0.1,1.8894,326.8906647410305,50,101,20
4,8,4,250,0.125,1.9414,326.16915602403066,50,101,20
4,8,5,300,0.15,2.1295,325.31399885550377,50,101,20
4,8,6,350,0.17500000000000002,1.8361,324.17034365798304,50,101,20
4,8,7,400,0.2,1.8202,322.6584602036987,50,101,20
4,8,8,450,0.225,4.5232,320.69196060379886,50,101,20
4,8,9,500,0.25,3.8022,318.1901655761985,50,101,20
4,8,10,550,0.275,2.4677,315.55919157286183,50,101,20
4,8,11,600,0.3,4.283,312.94495290850324,50,101,20
4,8,12,650,0.325,2.6204,310.15832978703025,50,101,20
4,8,13,700,0.35000000000000003,4.3562,307.04623534110726,50,101,20
4,8,14,750,0.375,1.9143,303.55003009500143,50,101,20
4,8,15,800,0.4,2.0486,299.7031378016579,50,101,20
4,8,16,850,0.425,1.867,295.589804169682,50,101,20
4,8,17,900,0.45,2.3815,291.373869438965,50,101,20
4,8,18,950,0.47500000000000003,2.1301,287.00015499158366,50,101,20
4,8,19,1000,0.5,2.0006,282.62756493449047,50,101,20
4,8,20,1050,0.525,2.6979,278.7610864360466,50,101,20
4,8,21,1100,0.55,4.4253,275.59468900491214,50,101,20
4,8,22,1150,0.5750000000000001,2.0843,273.08062125399397,50,101,20
4,8,23,1200,0.6,2.4877,271.10908546790455,50,101,20
4,8,24,1250,0.625,3.313,269.5538671826586,50,101,20
4,8,25,1300,0.65,2.2034,268.30182812006166,50,101,20
4,8,26,1350,0.675,2.9471,267.2647926708006,50,101,20
4,8,27,1400,0.7000000000000001,2.0051,266.3804014864286,50,101,20
4,8,28,1450,0.725,2.0362,265.6056818008872,50,101,20
4,8,29,1500,0.75,2.2058,264.9237809983745,50,101,20
4,9,1,100,0.05,2.14,328.3916216677848,50,101,20
4,9,2,150,0.075,2.2467,327.60891027117896,50,101,20
4,9,3,200,0.1,2.6913,326.8906647410305,50,101,20
4,9,4,250,0.125,4.7936,326.16915602403066,50,101,20
4,9,5,300,0.15,2.1227,325.31399885550377,50,101,20
4,9,6,350,0.17500000000000002,2.672,324.17034365798304,50,101,20
4,9,7,400,0.2,2.8042,322.6584602036987,50,101,20
4,9,8,450,0.225,2.0592,320.69196060379886,50,101,20
4,9,9,500,0.25,2.0368,318.1901655761985,50,101,20
4,9,10,550,0.275,1.998,315.55919157286183,50,101,20
4,9,11,600,0.3,2.4154,312.94495290850324,50,101,20
4,9,12,650,0.325,2.8378,310.15832978703025,50,101,20
4,9,13,700,0.35000000000000003,2.0721,307.04623534110726,50,101,20
4,9,14,750,0.375,1.9778,303.55003009500143,50,101,20
4,9,15,800,0.4,2.0546,299.7031378016579,50,101,20
4,9,16,850,0.425,9.054,295.589804169682,50,101,20
4,9,17,900,0.45,1.9996,291.373869438965,50,101,20
4,9,18,950,0.47500000000000003,2.435,287.00015499158366,50,101,20
4,9,19,1000,0.5,2.0585,282.62756493449047,50,101,20
4,9,20,1050,0.525,2.1039,278.7610864360466,50,101,20
4,9,21,1100,0.55,1.9264,275.59468900491214,50,101,20
4,9,22,1150,0.5750000000000001,1.844,273.08062125399397,50,101,20
4,9,23,1200,0.6,2.1336,271.10908546790455,50,101,20
4,9,24,1250,0.625,1.8988,269.5538671826586,50,101,20
4,9,25,1300,0.65,2.4148,268.30182812006166,50,101,20
4,9,26,1350,0.675,1.9365,267.2647926708006,50,101,20
4,9,27,1400,0.7000000000000001,1.8391,266.3804014864286,50,101,20
4,9,28,1450,0.725,1.8456,265.6056818008872,50,101,20
4,9,29,1500,0.75,1.9996,264.9237809983745,50,101,20
4,10,1,100,0.05,2.0538,328.3916216677848,50,101,20
4,10,2,150,0.075,1.8676,327.60891027117896,50,101,20
4,10,3,200,0.1,3.7204,326.8906647410305,50,101,20
4,10,4,250,0.125,1.9478,326.16915602403066,50,101,20
4,10,5,300,0.15,3.835,325.31399885550377,50,101,20
4,10,6,350,0.17500000000000002,1.9743,324.17034365798304,50,101,20
4,10,7,400,0.2,2.3056,322.6584602036987,50,101,20
4,10,8,450,0.225,1.8377,320.69196060379886,50,101,20
4,10,9,500,0.25,1.9259,318.1901655761985,50,101,20
4,10,10,550,0.275,1.8494,315.55919157286183,50,101,20
4,10,11,600,0.3,1.9308,312.94495290850324,50,101,20
4,10,12,650,0.325,2.2315,310.15832978703025,50,101,20
4,10,13,700,0.35000000000000003,2.0003,307.04623534110726,50,101,20
4,10,14,750,0.375,3.7097,303.55003009500143,50,101,20
4,10,15,800,0.4,4.3233,299.7031378016579,50,101,20
4,10,16,850,0.425,3.0974,295.589804169682,50,101,20
4,10,17,900,0.45,4.2422,291.373869438965,50,101,20
4,10,18,950,0.47500000000000003,1.9521,287.00015499158366,50,101,20
4,10,19,1000,0.5,2.3144,282.62756493449047,50,101,20
4,10,20,1050,0.525,2.0788,278.7610864360466,50,101,20
4,10,21,1100,0.55,3.866,275.59468900491214,50,101,20
4,10,22,1150,0.5750000000000001,2.1537,273.08062125399397,50,101,20
4,10,23,1200,0.6,4.1599,271.10908546790455,50,101,20
4,10,24,1250,0.625,3.0946,269.5538671826586,50,101,20
4,10,25,1300,0.65,4.5196,268.30182812006166,50,101,20
4,10,26,1350,0.675,5.9933,267.2647926708006,50,101,20
4,10,27,1400,0.7000000000000001,4.385,266.3804014864286,50,101,20
4,10,28,1450,0.725,2.7493,265.6056818008872,50,101,20
4,10,29,1500,0.75,4.1435,264.9237809983745,50,101,20
5,1,1,100,0.05,2.3019,328.1816113638057,50,101,20
5,1,2,150,0.075,2.4983,327.2920594217847,50,101,20
5,1,3,200,0.1,2.4741,326.53936475931323,50,101,20
5,1,4,250,0.125,2.5893,325.83281695534936,50,101,20
5,1,5,300,0.15,5.0247,325.01804171260494,50,101,20
5,1,6,350,0.17500000000000002,2.2417,323.89709705765875,50,101,20
5,1,7,400,0.2,2.5344,322.39567140459263,50,101,20
5,1,8,450,0.225,2.1758,320.4311331272798,50,101,20
5,1,9,500,0.25,2.2532,317.9265569023642,50,101,20
5,1,10,550,0.275,2.3933,315.4982167170975,50,101,20
5,1,11,600,0.3,2.6003,313.3563616669351,50,101,20
5,1,12,650,0.325,2.3021,311.1540022373554,50,101,20
5,1,13,700,0.35000000000000003,2.1587,308.6013517991014,50,101,20
5,1,14,750,0.375,4.0038,305.5456388874449,50,101,20
5,1,15,800,0.4,2.6803,301.94635927024376,50,101,20
5,1,16,850,0.425,2.2267,297.8247072772156,50,101,20
5,1,17,900,0.45,2.1776,293.3428664553432,50,101,20
5,1,18,950,0.47500000000000003,2.1606,288.37570335540727,50,101,20
5,1,19,1000,0.5,2.3635,283.2052329031214,50,101,20
5,1,20,1050,0.525,2.1936,278.6519595203044,50,101,20
5,1,21,1100,0.55,2.1853,275.01235684942566,50,101,20
5,1,22,1150,0.5750000000000001,2.1718,272.19288982432414,50,101,20
5,1,23,1200,0.6,2.167,270.02539930772747,50,101,20
5,1,24,1250,0.625,2.6164,268.3357663391921,50,101,20
5,1,25,1300,0.65,2.2441,266.9806522239223,50,101,20
5,1,26,1350,0.675,2.2117,265.85618783971427,50,101,20
5,1,27,1400,0.7000000000000001,2.2339,264.89353785231924,50,101,20
5,1,28,1450,0.725,2.2202,264.0473062459557,50,101,20
5,1,29,1500,0.75,3.3007,263.30482178985903,50,101,20
5,2,1,100,0.05,2.3229,328.1816113638057,50,101,20
5,2,2,150,0.075,2.1091,327.2920594217847,50,101,20
5,2,3,200,0.1,3.2669,326.53936475931323,50,101,20
5,2,4,250,0.125,6.5047,325.83281695534936,50,101,20
5,2,5,300,0.15,2.1937,325.01804171260494,50,101,20
5,2,6,350,0.17500000000000002,2.0761,323.89709705765875,50,101,20
5,2,7,400,0.2,2.2659,322.39567140459263,50,101,20
5,2,8,450,0.225,2.1886,320.4311331272798,50,101,20
5,2,9,500,0.25,2.0127,317.9265569023642,50,101,20
5,2,10,550,0.275,2.1538,315.4982167170975,50,101,20
5,2,11,600,0.3,2.1499,313.3563616669351,50,101,20
5,2,12,650,0.325,2.6878,311.1540022373554,50,101,20
5,2,13,700,0.35000000000000003,2.2638,308.6013517991014,50,101,20
5,2,14,750,0.375,2.0809,305.5456388874449,50,101,20
5,2,15,800,0.4,1.9965,301.94635927024376,50,101,20
5,2,16,850,0.425,2.2769,297.8247072772156,50,101,20
5,2,17,900,0.45,4.0531,293.3428664553432,50,101,20
5,2,18,950,0.47500000000000003,2.5747,288.37570335540727,50,101,20
5,2,19,1000,0.5,2.2609,283.2052329031214,50,101,20
5,2,20,1050,0.525,2.3606,278.6519595203044,50,101,20
5,2,21,1100,0.55,2.6357,275.01235684942566,50,101,20
5,2,22,1150,0.5750000000000001,2.3548,272.19288982432414,50,101,20
5,2,23,1200,0.6,2.1575,270.02539930772747,50,101,20
5,2,24,1250,0.625,5.913,268.3357663391921,50,101,20
5,2,25,1300,0.65,2.4677,266.9806522239223,50,101,20
5,2,26,1350,0.675,2.2206,265.85618783971427,50,101,20
5,2,27,1400,0.7000000000000001,2.4554,264.89353785231924,50,101,20
5,2,28,1450,0.725,2.3189,264.0473062459557,50,101,20
5,2,29,1500,0.75,2.6368,263.30482178985903,50,101,20
5,3,1,100,0.05,2.5367,328.1816113638057,50,101,20
5,3,2,150,0.075,2.3655,327.2920594217847,50,101,20
5,3,3,200,0.1,2.2154,326.53936475931323,50,101,20
5,3,4,250,0.125,2.8849,325.83281695534936,50,101,20
5,3,5,300,0.15,2.267,325.01804171260494,50,101,20
5,3,6,350,0.17500000000000002,3.1351,323.89709705765875,50,101,20
5,3,7,400,0.2,2.2402,322.39567140459263,50,101,20
5,3,8,450,0.225,2.3331,320.4311331272798,50,101,20
5,3,9,500,0.25,3.1516,317.9265569023642,50,101,20
5,3,10,550,0.275,2.1993,315.4982167170975,50,101,20
5,3,11,600,0.3,2.2702,313.3563616669351,50,101,20
5,3,12,650,0.325,2.2097,311.1540022373554,50,101,20
5,3,13,700,0.35000000000000003,2.6702,308.6013517991014,50,101,20
5,3,14,750,0.375,2.8719,305.5456388874449,50,101,20
5,3,15,800,0.4,2.7171,301.94635927024376,50,101,20
5,3,16,850,0.425,4.22,297.8247072772156,50,101,20
5,3,17,900,0.45,2.7585,293.3428664553432,50,101,20
5,3,18,950,0.47500000000000003,2.2794,288.37570335540727,50,101,20
5,3,19,1000,0.5,2.1913,283.2052329031214,50,101,20
5,3,20,1050,0.525,2.7001,278.6519595203044,50,101,20
5,3,21,1100,0.55,2.2278,275.01235684942566,50,101,20
5,3,22,1150,0.5750000000000001,2.208,272.19288982432414,50,101,20
5,3,23,1200,0.6,2.2718,270.02539930772747,50,101,20
5,3,24,1250,0.625,2.2116,268.3357663391921,50,101,20
5,3,25,1300,0.65,2.6088,266.9806522239223,50,101,20
5,3,26,1350,0.675,2.231,265.85618783971427,50,101,20
5,3,27,1400,0.7000000000000001,2.2964,264.89353785231924,50,101,20
5,3,28,1450,0.725,2.3498,264.0473062459557,50,101,20
5,3,29,1500,0.75,5.5275,263.30482178985903,50,101,20
5,4,1,100,0.05,2.3724,328.1816113638057,50,101,20
5,4,2,150,0.075,2.2487,327.2920594217847,50,101,20
5,4,3,200,0.1,2.2248,326.53936475931323,50,101,20
5,4,4,250,0.125,2.2472,325.83281695534936,50,101,20
5,4,5,300,0.15,2.2272,325.01804171260494,50,101,20
5,4,6,350,0.17500000000000002,2.2729,323.89709705765875,50,101,20
5,4,7,400,0.2,2.3055,322.39567140459263,50,101,20
5,4,8,450,0.225,3.541,320.4311331272798,50,101,20
5,4,9,500,0.25,2.9346,317.9265569023642,50,101,20
5,4,10,550,0.275,2.2977,315.4982167170975,50,101,20
5,4,11,600,0.3,2.2014,313.3563616669351,50,101,20
5,4,12,650,0.325,2.2624,311.1540022373554,50,101,20
5,4,13,700,0.35000000000000003,2.3678,308.6013517991014,50,101,20
5,4,14,750,0.375,2.6025,305.5456388874449,50,101,20
5,4,15,800,0.4,2.2214,301.94635927024376,50,101,20
5,4,16,850,0.425,2.3331,297.8247072772156,50,101,20
5,4,17,900,0.45,2.3997,293.3428664553432,50,101,20
5,4,18,950,0.47500000000000003,2.2284,288.37570335540727,50,101,20
5,4,19,1000,0.5,2.3991,283.2052329031214,50,101,20
5,4,20,1050,0.525,2.308,278.6519595203044,50,101,20
5,4,21,1100,0.55,2.2525,275.01235684942566,50,101,20
5,4,22,1150,0.5750000000000001,2.2382,272.19288982432414,50,101,20
5,4,23,1200,0.6,2.2184,270.02539930772747,50,101,20
5,4,24,1250,0.625,2.6226,268.3357663391921,50,101,20
5,4,25,1300,0.65,4.581,266.9806522239223,50,101,20
5,4,26,1350,0.675,2.7598,265.85618783971427,50,101,20
5,4,27,1400,0.7000000000000001,2.1953,264.89353785231924,50,101,20
5,4,28,1450,0.725,2.2912,264.0473062459557,50,101,20
5,4,29,1500,0.75,2.2507,263.30482178985903,50,101,20
5,5,1,100,0.05,2.3326,328.1816113638057,50,101,20
5,5,2,150,0.075,2.2636,327.2920594217847,50,101,20
5,5,3,200,0.1,3.3143,326.53936475931323,50,101,20
5,5,4,250,0.125,2.2574,325.83281695534936,50,101,20
5,5,5,300,0.15,2.2968,325.01804171260494,50,101,20
5,5,6,350,0.17500000000000002,2.2118,323.89709705765875,50,101,20
5,5,7,400,0.2,2.1692,322.39567140459263,50,101,20
5,5,8,450,0.225,3.1789,320.4311331272798,50,101,20
5,5,9,500,0.25,2.2467,317.9265569023642,50,101,20
5,5,10,550,0.275,2.2221,315.4982167170975,50,101,20
5,5,11,600,0.3,2.2111,313.3563616669351,50,101,20
5,5,12,650,0.325,2.257,311.1540022373554,50,101,20
5,5,13,700,0.35000000000000003,2.76,308.6013517991014,50,101,20
5,5,14,750,0.375,2.2786,305.5456388874449,50,101,20
5,5,15,800,0.4,2.2505,301.94635927024376,50,101,20
5,5,16,850,0.425,2.223,297.8247072772156,50,101,20
5,5,17,900,0.45,2.2304,293.3428664553432,50,101,20
5,5,18,950,0.47500000000000003,6.0815,288.37570335540727,50,101,20
5,5,19,1000,0.5,2.3005,283.2052329031214,50,101,20
5,5,20,1050,0.525,2.8595,278.6519595203044,50,101,20
5,5,21,1100,0.55,2.2666,275.01235684942566,50,101,20
5,5,22,1150,0.5750000000000001,2.4903,272.19288982432414,50,101,20
5,5,23,1200,0.6,2.2565,270.02539930772747,50,101,20
5,5,24,1250,0.625,2.8942,268.3357663391921,50,101,20
5,5,25,1300,0.65,2.2619,266.9806522239223,50,101,20
5,5,26,1350,0.675,3.1033,265.85618783971427,50,101,20
5,5,27,1400,0.7000000000000001,2.5407,264.89353785231924,50,101,20
5,5,28,1450,0.725,2.2221,264.0473062459557,50,101,20
5,5,29,1500,0.75,2.45,263.30482178985903,50,101,20
5,6,1,100,0.05,3.1068,328.1816113638057,50,101,20
5,6,2,150,0.075,2.2478,327.2920594217847,50,101,20
5,6,3,200,0.1,2.2897,326.53936475931323,50,101,20
5,6,4,250,0.125,2.6817,325.83281695534936,50,101,20
5,6,5,300,0.15,2.2477,325.01804171260494,50,101,20
5,6,6,350,0.17500000000000002,2.2201,323.89709705765875,50,101,20
5,6,7,400,0.2,2.2314,322.39567140459263,50,101,20
5,6,8,450,0.225,2.193,320.4311331272798,50,101,20
5,6,9,500,0.25,2.2536,317.9265569023642,50,101,20
5,6,10,550,0.275,2.3323,315.4982167170975,50,101,20
5,6,11,600,0.3,4.8082,313.3563616669351,50,101,20
5,6,12,650,0.325,2.4644,311.1540022373554,50,101,20
5,6,13,700,0.35000000000000003,3.0962,308.6013517991014,50,101,20
5,6,14,750,0.375,2.5172,305.5456388874449,50,101,20
5,6,15,800,0.4,2.251,301.94635927024376,50,101,20
5,6,16,850,0.425,2.2484,297.8247072772156,50,101,20
5,6,17,900,0.45,2.196,293.3428664553432,50,101,20
5,6,18,950,0.47500000000000003,2.7193,288.37570335540727,50,101,20
5,6,19,1000,0.5,2.2978,283.2052329031214,50,101,20
5,6,20,1050,0.525,2.1821,278.6519595203044,50,101,20
5,6,21,1100,0.55,2.2613,275.01235684942566,50,101,20
5,6,22,1150,0.5750000000000001,2.2436,272.19288982432414,50,101,20
5,6,23,1200,0.6,4.3566,270.02539930772747,50,101,20
5,6,24,1250,0.625,2.3368,268.3357663391921,50,101,20
5,6,25,1300,0.65,2.2248,266.9806522239223,50,101,20
5,6,26,1350,0.675,2.3063,265.85618783971427,50,101,20
5,6,27,1400,0.7000000000000001,2.2125,264.89353785231924,50,101,20
5,6,28,1450,0.725,2.7365,264.0473062459557,50,101,20
5,6,29,1500,0.75,2.2325,263.30482178985903,50,101,20
5,7,1,100,0.05,3.2605,328.1816113638057,50,101,20
5,7,2,150,0.075,2.2478,327.2920594217847,50,101,20
5,7,3,200,0.1,2.5528,326.53936475931323,50,101,20
5,7,4,250,0.125,3.0708,325.83281695534936,50,101,20
5,7,5,300,0.15,2.3365,325.01804171260494,50,101,20
5,7,6,350,0.17500000000000002,2.2821,323.89709705765875,50,101,20
5,7,7,400,0.2,2.2262,322.39567140459263,50,101,20
5,7,8,450,0.225,2.2534,320.4311331272798,50,101,20
5,7,9,500,0.25,2.7475,317.9265569023642,50,101,20
5,7,10,550,0.275,2.3218,315.4982167170975,50,101,20
5,7,11,600,0.3,2.2382,313.3563616669351,50,101,20
5,7,12,650,0.325,2.6307,311.1540022373554,50,101,20
5,7,13,700,0.35000000000000003,2.2135,308.6013517991014,50,101,20
5,7,14,750,0.375,3.0854,305.5456388874449,50,101,20
5,7,15,800,0.4,2.2812,301.94635927024376,50,101,20
5,7,16,850,0.425,2.3088,297.8247072772156,50,101,20
5,7,17,900,0.45,2.1891,293.3428664553432,50,101,20
5,7,18,950,0.47500000000000003,2.2784,288.37570335540727,50,101,20
5,7,19,1000,0.5,2.4065,283.2052329031214,50,101,20
5,7,20,1050,0.525,2.234,278.6519595203044,50,101,20
5,7,21,1100,0.55,6.6272,275.01235684942566,50,101,20
5,7,22,1150,0.5750000000000001,2.5582,272.19288982432414,50,101,20
5,7,23,1200,0.6,2.2289,270.02539930772747,50,101,20
5,7,24,1250,0.625,2.8605,268.3357663391921,50,101,20
5,7,25,1300,0.65,2.2652,266.9806522239223,50,101,20
5,7,26,1350,0.675,2.2208,265.85618783971427,50,101,20
5,7,27,1400,0.7000000000000001,2.2298,264.89353785231924,50,101,20
5,7,28,1450,0.725,2.2181,264.0473062459557,50,101,20
5,7,29,1500,0.75,2.3178,263.30482178985903,50,101,20
5,8,1,100,0.05,2.3057,328.1816113638057,50,101,20
5,8,2,150,0.075,2.2486,327.2920594217847,50,101,20
5,8,3,200,0.1,2.6709,326.53936475931323,50,101,20
5,8,4,250,0.125,2.2707,325.83281695534936,50,101,20
5,8,5,300,0.15,2.2316,325.01804171260494,50,101,20
5,8,6,350,0.17500000000000002,2.2723,323.89709705765875,50,101,20
5,8,7,400,0.2,2.2296,322.39567140459263,50,101,20
5,8,8,450,0.225,2.556,320.4311331272798,50,101,20
5,8,9,500,0.25,2.1877,317.9265569023642,50,101,20
5,8,10,550,0.275,2.2898,315.4982167170975,50,101,20
5,8,11,600,0.3,2.2425,313.3563616669351,50,101,20
5,8,12,650,0.325,6.46,311.1540022373554,50,101,20
5,8,13,700,0.35000000000000003,2.3763,308.6013517991014,50,101,20
5,8,14,750,0.375,2.2296,305.5456388874449,50,101,20
5,8,15,800,0.4,2.4197,301.94635927024376,50,101,20
5,8,16,850,0.425,2.6797,297.8247072772156,50,101,20
5,8,17,900,0.45,2.2647,293.3428664553432,50,101,20
5,8,18,950,0.47500000000000003,2.2409,288.37570335540727,50,101,20
5,8,19,1000,0.5,2.2183,283.2052329031214,50,101,20
5,8,20,1050,0.525,2.1921,278.6519595203044,50,101,20
5,8,21,1100,0.55,2.5146,275.01235684942566,50,101,20
5,8,22,1150,0.5750000000000001,2.3045,272.19288982432414,50,101,20
5,8,23,1200,0.6,2.2496,270.02539930772747,50,101,20
5,8,24,1250,0.625,2.3289,268.3357663391921,50,101,20
5,8,25,1300,0.65,2.5119,266.9806522239223,50,101,20
5,8,26,1350,0.675,2.3176,265.85618783971427,50,101,20
5,8,27,1400,0.7000000000000001,2.2121,264.89353785231924,50,101,20
5,8,28,1450,0.725,2.2833,264.0473062459557,50,101,20
5,8,29,1500,0.75,2.2225,263.30482178985903,50,101,20
5,9,1,100,0.05,2.7821,328.1816113638057,50,101,20
5,9,2,150,0.075,2.2429,327.2920594217847,50,101,20
5,9,3,200,0.1,2.3551,326.53936475931323,50,101,20
5,9,4,250,0.125,2.2391,325.83281695534936,50,101,20
5,9,5,300,0.15,3.1159,325.01804171260494,50,101,20
5,9,6,350,0.17500000000000002,6.8162,323.89709705765875,50,101,20
5,9,7,400,0.2,2.3389,322.39567140459263,50,101,20
5,9,8,450,0.225,3.2997,320.4311331272798,50,101,20
5,9,9,500,0.25,2.2995,317.9265569023642,50,101,20
5,9,10,550,0.275,2.1658,315.4982167170975,50,101,20
5,9,11,600,0.3,2.0187,313.3563616669351,50,101,20
5,9,12,650,0.325,2.1504,311.1540022373554,50,101,20
5,9,13,700,0.35000000000000003,2.9699,308.6013517991014,50,101,20
5,9,14,750,0.375,2.2368,305.5456388874449,50,101,20
5,9,15,800,0.4,2.2071,301.94635927024376,50,101,20
5,9,16,850,0.425,2.2158,297.8247072772156,50,101,20
5,9,17,900,0.45,2.2395,293.3428664553432,50,101,20
5,9,18,950,0.47500000000000003,3.1013,288.37570335540727,50,101,20
5,9,19,1000,0.5,2.3174,283.2052329031214,50,101,20
5,9,20,1050,0.525,2.1978,278.6519595203044,50,101,20
5,9,21,1100,0.55,2.2081,275.01235684942566,50,101,20
5,9,22,1150,0.5750000000000001,2.2551,272.19288982432414,50,101,20
5,9,23,1200,0.6,4.2881,270.02539930772747,50,101,20
5,9,24,1250,0.625,2.2873,268.3357663391921,50,101,20
5,9,25,1300,0.65,2.2112,266.9806522239223,50,101,20
5,9,26,1350,0.675,3.3471,265.85618783971427,50,101,20
5,9,27,1400,0.7000000000000001,2.308,264.89353785231924,50,101,20
5,9,28,1450,0.725,2.2314,264.0473062459557,50,101,20
5,9,29,1500,0.75,2.2009,263.30482178985903,50,101,20
5,10,1,100,0.05,2.3547,328.1816113638057,50,101,20
5,10,2,150,0.075,2.1843,327.2920594217847,50,101,20
5,10,3,200,0.1,2.2444,326.53936475931323,50,101,20
5,10,4,250,0.125,2.2534,325.83281695534936,50,101,20
5,10,5,300,0.15,2.3435,325.01804171260494,50,101,20
5,10,6,350,0.17500000000000002,2.2552,323.89709705765875,50,101,20
5,10,7,400,0.2,2.2383,322.39567140459263,50,101,20
5,10,8,450,0.225,2.1978,320.4311331272798,50,101,20
5,10,9,500,0.25,2.2081,317.9265569023642,50,101,20
5,10,10,550,0.275,2.2206,315.4982167170975,50,101,20
5,10,11,600,0.3,2.2317,313.3563616669351,50,101,20
5,10,12,650,0.325,2.26,311.1540022373554,50,101,20
5,10,13,700,0.35000000000000003,2.227,308.6013517991014,50,101,20
5,10,14,750,0.375,2.2447,305.5456388874449,50,101,20
5,10,15,800,0.4,2.2048,301.94635927024376,50,101,20
5,10,16,850,0.425,2.3293,297.8247072772156,50,101,20
5,10,17,900,0.45,2.5383,293.3428664553432,50,101,20
5,10,18,950,0.47500000000000003,2.1724,288.37570335540727,50,101,20
5,10,19,1000,0.5,4.5669,283.2052329031214,50,101,20
5,10,20,1050,0.525,2.482,278.6519595203044,50,101,20
5,10,21,1100,0.55,2.3147,275.01235684942566,50,101,20
5,10,22,1150,0.5750000000000001,2.4798,272.19288982432414,50,101,20
5,10,23,1200,0.6,2.2716,270.02539930772747,50,101,20
5,10,24,1250,0.625,2.1838,268.3357663391921,50,101,20
5,10,25,1300,0.65,2.7397,266.9806522239223,50,101,20
5,10,26,1350,0.675,2.1966,265.85618783971427,50,101,20
5,10,27,1400,0.7000000000000001,2.4441,264.89353785231924,50,101,20
5,10,28,1450,0.725,2.2241,264.0473062459557,50,101,20
5,10,29,1500,0.75,2.2577,263.30482178985903,50,101,20
